timeStamp,elapsed,label,responseCode,responseMessage,threadName,dataType,success,failureMessage,bytes,sentBytes,grpThreads,allThreads,URL,Latency,IdleTime,Connect
1708697341438,71,GET User,200,OK,Workload Config 1-1,text,true,,1184,122,2,2,https://reqres.in/api/users/2,71,0,42
1708697341438,93,GET User,200,OK,Workload Config 1-2,text,true,,1182,122,2,2,https://reqres.in/api/users/2,93,0,43
1708697341509,396,POST User,201,Created,Workload Config 1-1,text,true,,901,232,2,2,https://reqres.in/api/users,396,0,0
1708697341531,385,POST User,201,Created,Workload Config 1-2,text,true,,901,232,2,2,https://reqres.in/api/users,385,0,0
1708697341916,73,GET User,200,OK,Workload Config 1-2,text,true,,1186,122,2,2,https://reqres.in/api/users/2,73,0,41
1708697341906,83,GET User,200,OK,Workload Config 1-1,text,true,,1186,122,2,2,https://reqres.in/api/users/2,83,0,52
1708697341989,399,POST User,201,Created,Workload Config 1-2,text,true,,905,232,2,2,https://reqres.in/api/users,399,0,0
1708697341989,400,POST User,201,Created,Workload Config 1-1,text,true,,905,232,2,2,https://reqres.in/api/users,400,0,0
1708697342389,70,GET User,200,OK,Workload Config 1-1,text,true,,1186,122,2,2,https://reqres.in/api/users/2,70,0,44
1708697342388,106,GET User,200,OK,Workload Config 1-2,text,true,,1184,122,2,2,https://reqres.in/api/users/2,106,0,44
1708697342459,396,POST User,201,Created,Workload Config 1-1,text,true,,905,232,2,2,https://reqres.in/api/users,396,0,0
1708697342494,384,POST User,201,Created,Workload Config 1-2,text,true,,905,232,2,2,https://reqres.in/api/users,384,0,0
1708697342855,75,GET User,200,OK,Workload Config 1-1,text,true,,1182,122,2,2,https://reqres.in/api/users/2,75,0,44
1708697342878,72,GET User,200,OK,Workload Config 1-2,text,true,,1178,122,2,2,https://reqres.in/api/users/2,72,0,45
1708697342930,362,POST User,201,Created,Workload Config 1-1,text,true,,897,232,2,2,https://reqres.in/api/users,362,0,0
1708697342951,368,POST User,201,Created,Workload Config 1-2,text,true,,896,232,2,2,https://reqres.in/api/users,368,0,0
1708697343293,73,GET User,200,OK,Workload Config 1-1,text,true,,1186,122,2,2,https://reqres.in/api/users/2,73,0,45
1708697343319,68,GET User,200,OK,Workload Config 1-2,text,true,,1186,122,2,2,https://reqres.in/api/users/2,68,0,41
1708697343366,390,POST User,201,Created,Workload Config 1-1,text,true,,897,232,2,2,https://reqres.in/api/users,390,0,0
1708697343387,383,POST User,201,Created,Workload Config 1-2,text,true,,897,232,2,2,https://reqres.in/api/users,383,0,0
1708697343757,81,GET User,200,OK,Workload Config 1-1,text,true,,1186,122,2,2,https://reqres.in/api/users/2,81,0,46
1708697343771,212,GET User,200,OK,Workload Config 1-2,text,true,,1178,122,2,2,https://reqres.in/api/users/2,212,0,45
1708697343838,385,POST User,201,Created,Workload Config 1-1,text,true,,897,232,2,2,https://reqres.in/api/users,385,0,0
1708697344223,70,GET User,200,OK,Workload Config 1-1,text,true,,1182,122,2,2,https://reqres.in/api/users/2,70,0,42
1708697343983,385,POST User,201,Created,Workload Config 1-2,text,true,,897,232,2,2,https://reqres.in/api/users,385,0,0
1708697344369,68,GET User,200,OK,Workload Config 1-2,text,true,,1186,122,2,2,https://reqres.in/api/users/2,68,0,42
1708697344293,379,POST User,201,Created,Workload Config 1-1,text,true,,897,232,2,2,https://reqres.in/api/users,379,0,0
1708697344673,76,GET User,200,OK,Workload Config 1-1,text,true,,1184,122,2,2,https://reqres.in/api/users/2,76,0,45
1708697344437,379,POST User,201,Created,Workload Config 1-2,text,true,,897,232,2,2,https://reqres.in/api/users,379,0,0
1708697344817,78,GET User,200,OK,Workload Config 1-2,text,true,,1178,122,2,2,https://reqres.in/api/users/2,78,0,44
1708697344750,400,POST User,201,Created,Workload Config 1-1,text,true,,897,232,2,2,https://reqres.in/api/users,400,0,0
1708697345151,71,GET User,200,OK,Workload Config 1-1,text,true,,1177,122,2,2,https://reqres.in/api/users/2,71,0,45
1708697344895,376,POST User,201,Created,Workload Config 1-2,text,true,,897,232,2,2,https://reqres.in/api/users,376,0,0
1708697345271,78,GET User,200,OK,Workload Config 1-2,text,true,,1177,122,2,2,https://reqres.in/api/users/2,78,0,45
1708697345222,402,POST User,201,Created,Workload Config 1-1,text,true,,897,232,2,2,https://reqres.in/api/users,402,0,0
1708697345624,73,GET User,200,OK,Workload Config 1-1,text,true,,1182,122,2,2,https://reqres.in/api/users/2,73,0,44
1708697345349,376,POST User,201,Created,Workload Config 1-2,text,true,,897,232,2,2,https://reqres.in/api/users,376,0,0
1708697345726,72,GET User,200,OK,Workload Config 1-2,text,true,,1178,122,2,2,https://reqres.in/api/users/2,72,0,45
1708697345697,375,POST User,201,Created,Workload Config 1-1,text,true,,893,232,2,2,https://reqres.in/api/users,375,0,0
1708697346072,84,GET User,200,OK,Workload Config 1-1,text,true,,1178,122,2,2,https://reqres.in/api/users/2,84,0,42
1708697345798,397,POST User,201,Created,Workload Config 1-2,text,true,,893,232,2,2,https://reqres.in/api/users,397,0,0
1708697346196,88,GET User,200,OK,Workload Config 1-2,text,true,,1182,122,2,2,https://reqres.in/api/users/2,88,0,46
1708697346156,391,POST User,201,Created,Workload Config 1-1,text,true,,893,232,2,2,https://reqres.in/api/users,391,0,0
1708697346548,80,GET User,200,OK,Workload Config 1-1,text,true,,1184,122,2,2,https://reqres.in/api/users/2,80,0,43
1708697346284,377,POST User,201,Created,Workload Config 1-2,text,true,,892,232,2,2,https://reqres.in/api/users,377,0,0
1708697346661,68,GET User,200,OK,Workload Config 1-2,text,true,,1186,122,2,2,https://reqres.in/api/users/2,68,0,41
1708697346628,381,POST User,201,Created,Workload Config 1-1,text,true,,893,232,2,2,https://reqres.in/api/users,381,0,0
1708697347010,68,GET User,200,OK,Workload Config 1-1,text,true,,1182,122,2,2,https://reqres.in/api/users/2,68,0,40
1708697346729,384,POST User,201,Created,Workload Config 1-2,text,true,,901,232,2,2,https://reqres.in/api/users,384,0,0
1708697347113,85,GET User,200,OK,Workload Config 1-2,text,true,,1178,122,2,2,https://reqres.in/api/users/2,85,0,44
1708697347079,395,POST User,201,Created,Workload Config 1-1,text,true,,900,232,2,2,https://reqres.in/api/users,395,0,0
1708697347474,72,GET User,200,OK,Workload Config 1-1,text,true,,1182,122,2,2,https://reqres.in/api/users/2,72,0,46
1708697347199,368,POST User,201,Created,Workload Config 1-2,text,true,,901,232,2,2,https://reqres.in/api/users,368,0,0
1708697347568,76,GET User,200,OK,Workload Config 1-2,text,true,,1186,122,2,2,https://reqres.in/api/users/2,76,0,45
1708697347546,368,POST User,201,Created,Workload Config 1-1,text,true,,901,232,2,2,https://reqres.in/api/users,368,0,0
1708697347915,76,GET User,200,OK,Workload Config 1-1,text,true,,1186,122,2,2,https://reqres.in/api/users/2,76,0,43
1708697347644,378,POST User,201,Created,Workload Config 1-2,text,true,,899,232,2,2,https://reqres.in/api/users,378,0,0
1708697348023,71,GET User,200,OK,Workload Config 1-2,text,true,,1186,122,2,2,https://reqres.in/api/users/2,71,0,42
1708697347991,393,POST User,201,Created,Workload Config 1-1,text,true,,909,232,2,2,https://reqres.in/api/users,393,0,0
1708697348385,76,GET User,200,OK,Workload Config 1-1,text,true,,1177,122,2,2,https://reqres.in/api/users/2,76,0,44
1708697348094,380,POST User,201,Created,Workload Config 1-2,text,true,,909,232,2,2,https://reqres.in/api/users,380,0,0
1708697348474,78,GET User,200,OK,Workload Config 1-2,text,true,,1186,122,2,2,https://reqres.in/api/users/2,78,0,45
1708697348461,368,POST User,201,Created,Workload Config 1-1,text,true,,909,232,2,2,https://reqres.in/api/users,368,0,0
1708697348552,380,POST User,201,Created,Workload Config 1-2,text,true,,909,232,2,2,https://reqres.in/api/users,380,0,0
1708697348933,77,GET User,200,OK,Workload Config 1-2,text,true,,1177,122,2,2,https://reqres.in/api/users/2,77,0,42
1708697348830,388,GET User,200,OK,Workload Config 1-1,text,true,,1186,122,2,2,https://reqres.in/api/users/2,388,0,344
1708697349010,373,POST User,201,Created,Workload Config 1-2,text,true,,897,232,2,2,https://reqres.in/api/users,373,0,0
1708697349384,74,GET User,200,OK,Workload Config 1-2,text,true,,1184,122,2,2,https://reqres.in/api/users/2,74,0,46
1708697349218,376,POST User,201,Created,Workload Config 1-1,text,true,,897,232,2,2,https://reqres.in/api/users,376,0,0
1708697349595,74,GET User,200,OK,Workload Config 1-1,text,true,,1178,122,2,2,https://reqres.in/api/users/2,74,0,43
1708697349458,376,POST User,201,Created,Workload Config 1-2,text,true,,897,232,2,2,https://reqres.in/api/users,376,0,0
1708697349835,72,GET User,200,OK,Workload Config 1-2,text,true,,1182,122,2,2,https://reqres.in/api/users/2,72,0,44
1708697349669,369,POST User,201,Created,Workload Config 1-1,text,true,,897,232,2,2,https://reqres.in/api/users,369,0,0
1708697350039,68,GET User,200,OK,Workload Config 1-1,text,true,,1178,122,2,2,https://reqres.in/api/users/2,68,0,43
1708697349907,390,POST User,201,Created,Workload Config 1-2,text,true,,893,232,2,2,https://reqres.in/api/users,390,0,0
1708697350298,72,GET User,200,OK,Workload Config 1-2,text,true,,1186,122,2,2,https://reqres.in/api/users/2,72,0,44
1708697350107,369,POST User,201,Created,Workload Config 1-1,text,true,,893,232,2,2,https://reqres.in/api/users,369,0,0
1708697350476,73,GET User,200,OK,Workload Config 1-1,text,true,,1184,122,2,2,https://reqres.in/api/users/2,73,0,42
1708697350370,388,POST User,201,Created,Workload Config 1-2,text,true,,893,232,2,2,https://reqres.in/api/users,388,0,0
1708697350759,72,GET User,200,OK,Workload Config 1-2,text,true,,1178,122,2,2,https://reqres.in/api/users/2,72,0,46
1708697350549,382,POST User,201,Created,Workload Config 1-1,text,true,,893,232,2,2,https://reqres.in/api/users,382,0,0
1708697350932,84,GET User,200,OK,Workload Config 1-1,text,true,,1182,122,2,2,https://reqres.in/api/users/2,84,0,46
1708697350831,364,POST User,201,Created,Workload Config 1-2,text,true,,897,232,2,2,https://reqres.in/api/users,364,0,0
1708697351195,89,GET User,200,OK,Workload Config 1-2,text,true,,1182,122,2,2,https://reqres.in/api/users/2,89,0,43
1708697351016,364,POST User,201,Created,Workload Config 1-1,text,true,,897,232,2,2,https://reqres.in/api/users,364,0,0
1708697351381,69,GET User,200,OK,Workload Config 1-1,text,true,,1177,122,2,2,https://reqres.in/api/users/2,69,0,42
1708697351284,379,POST User,201,Created,Workload Config 1-2,text,true,,897,232,2,2,https://reqres.in/api/users,379,0,0
1708697351663,72,GET User,200,OK,Workload Config 1-2,text,true,,1182,122,2,2,https://reqres.in/api/users/2,72,0,45
1708697351450,396,POST User,201,Created,Workload Config 1-1,text,true,,897,232,2,2,https://reqres.in/api/users,396,0,0
1708697351847,78,GET User,200,OK,Workload Config 1-1,text,true,,1186,122,2,2,https://reqres.in/api/users/2,78,0,44
1708697351735,388,POST User,201,Created,Workload Config 1-2,text,true,,893,232,2,2,https://reqres.in/api/users,388,0,0
1708697352124,75,GET User,200,OK,Workload Config 1-2,text,true,,1182,122,2,2,https://reqres.in/api/users/2,75,0,45
1708697351925,385,POST User,201,Created,Workload Config 1-1,text,true,,893,232,2,2,https://reqres.in/api/users,385,0,0
1708697352310,74,GET User,200,OK,Workload Config 1-1,text,true,,1186,122,2,2,https://reqres.in/api/users/2,74,0,42
1708697352200,363,POST User,201,Created,Workload Config 1-2,text,true,,893,232,2,2,https://reqres.in/api/users,363,0,0
1708697352564,66,GET User,200,OK,Workload Config 1-2,text,true,,1182,122,2,2,https://reqres.in/api/users/2,66,0,40
1708697352385,383,POST User,201,Created,Workload Config 1-1,text,true,,893,232,2,2,https://reqres.in/api/users,383,0,0
1708697352769,73,GET User,200,OK,Workload Config 1-1,text,true,,1178,122,2,2,https://reqres.in/api/users/2,73,0,44
1708697352631,379,POST User,201,Created,Workload Config 1-2,text,true,,893,232,2,2,https://reqres.in/api/users,379,0,0
1708697353010,70,GET User,200,OK,Workload Config 1-2,text,true,,1178,122,2,2,https://reqres.in/api/users/2,70,0,43
1708697352842,375,POST User,201,Created,Workload Config 1-1,text,true,,905,232,2,2,https://reqres.in/api/users,375,0,0
1708697353218,73,GET User,200,OK,Workload Config 1-1,text,true,,1178,122,2,2,https://reqres.in/api/users/2,73,0,41
1708697353080,370,POST User,201,Created,Workload Config 1-2,text,true,,905,232,2,2,https://reqres.in/api/users,370,0,0
1708697353450,77,GET User,200,OK,Workload Config 1-2,text,true,,1178,122,2,2,https://reqres.in/api/users/2,77,0,44
1708697353291,372,POST User,201,Created,Workload Config 1-1,text,true,,904,232,2,2,https://reqres.in/api/users,372,0,0
1708697353664,68,GET User,200,OK,Workload Config 1-1,text,true,,1182,122,2,2,https://reqres.in/api/users/2,68,0,40
1708697353527,383,POST User,201,Created,Workload Config 1-2,text,true,,905,232,2,2,https://reqres.in/api/users,383,0,0
1708697353910,72,GET User,200,OK,Workload Config 1-2,text,true,,1186,122,2,2,https://reqres.in/api/users/2,72,0,45
1708697353732,378,POST User,201,Created,Workload Config 1-1,text,true,,893,232,2,2,https://reqres.in/api/users,378,0,0
1708697354110,79,GET User,200,OK,Workload Config 1-1,text,true,,1182,122,2,2,https://reqres.in/api/users/2,79,0,44
1708697353982,371,POST User,201,Created,Workload Config 1-2,text,true,,893,232,2,2,https://reqres.in/api/users,371,0,0
1708697354354,73,GET User,200,OK,Workload Config 1-2,text,true,,1182,122,2,2,https://reqres.in/api/users/2,73,0,44
1708697354189,357,POST User,201,Created,Workload Config 1-1,text,true,,893,232,2,2,https://reqres.in/api/users,357,0,0
1708697354547,72,GET User,200,OK,Workload Config 1-1,text,true,,1182,122,2,2,https://reqres.in/api/users/2,72,0,41
1708697354427,358,POST User,201,Created,Workload Config 1-2,text,true,,893,232,2,2,https://reqres.in/api/users,358,0,0
1708697354786,96,GET User,200,OK,Workload Config 1-2,text,true,,1186,122,2,2,https://reqres.in/api/users/2,96,0,42
1708697354619,378,POST User,201,Created,Workload Config 1-1,text,true,,893,232,2,2,https://reqres.in/api/users,378,0,0
1708697354998,90,GET User,200,OK,Workload Config 1-1,text,true,,1190,122,2,2,https://reqres.in/api/users/2,90,0,54
1708697354882,362,POST User,201,Created,Workload Config 1-2,text,true,,897,232,2,2,https://reqres.in/api/users,362,0,0
1708697355245,72,GET User,200,OK,Workload Config 1-2,text,true,,1178,122,2,2,https://reqres.in/api/users/2,72,0,42
1708697355089,393,POST User,201,Created,Workload Config 1-1,text,true,,897,232,2,2,https://reqres.in/api/users,393,0,0
1708697355482,71,GET User,200,OK,Workload Config 1-1,text,true,,1178,122,2,2,https://reqres.in/api/users/2,71,0,46
1708697355317,380,POST User,201,Created,Workload Config 1-2,text,true,,897,232,2,2,https://reqres.in/api/users,380,0,0
1708697355698,71,GET User,200,OK,Workload Config 1-2,text,true,,1184,122,2,2,https://reqres.in/api/users/2,71,0,41
1708697355553,393,POST User,201,Created,Workload Config 1-1,text,true,,897,232,2,2,https://reqres.in/api/users,393,0,0
1708697355947,78,GET User,200,OK,Workload Config 1-1,text,true,,1184,122,2,2,https://reqres.in/api/users/2,78,0,44
1708697355769,376,POST User,201,Created,Workload Config 1-2,text,true,,893,232,2,2,https://reqres.in/api/users,376,0,0
1708697356145,74,GET User,200,OK,Workload Config 1-2,text,true,,1184,122,2,2,https://reqres.in/api/users/2,74,0,46
1708697356025,390,POST User,201,Created,Workload Config 1-1,text,true,,893,232,2,2,https://reqres.in/api/users,390,0,0
1708697356416,73,GET User,200,OK,Workload Config 1-1,text,true,,1178,122,2,2,https://reqres.in/api/users/2,73,0,44
1708697356219,374,POST User,201,Created,Workload Config 1-2,text,true,,893,232,2,2,https://reqres.in/api/users,374,0,0
1708697356593,69,GET User,200,OK,Workload Config 1-2,text,true,,1186,122,2,2,https://reqres.in/api/users/2,69,0,41
1708697356489,374,POST User,201,Created,Workload Config 1-1,text,true,,893,232,2,2,https://reqres.in/api/users,374,0,0
1708697356864,86,GET User,200,OK,Workload Config 1-1,text,true,,1178,122,2,2,https://reqres.in/api/users/2,86,0,49
1708697356662,380,POST User,201,Created,Workload Config 1-2,text,true,,893,232,2,2,https://reqres.in/api/users,380,0,0
1708697357042,70,GET User,200,OK,Workload Config 1-2,text,true,,1190,122,2,2,https://reqres.in/api/users/2,70,0,43
1708697356950,395,POST User,201,Created,Workload Config 1-1,text,true,,897,232,2,2,https://reqres.in/api/users,395,0,0
1708697357345,80,GET User,200,OK,Workload Config 1-1,text,true,,1186,122,2,2,https://reqres.in/api/users/2,80,0,45
1708697357112,390,POST User,201,Created,Workload Config 1-2,text,true,,897,232,2,2,https://reqres.in/api/users,390,0,0
1708697357502,71,GET User,200,OK,Workload Config 1-2,text,true,,1182,122,2,2,https://reqres.in/api/users/2,71,0,41
1708697357426,375,POST User,201,Created,Workload Config 1-1,text,true,,897,232,2,2,https://reqres.in/api/users,375,0,0
1708697357806,81,GET User,200,OK,Workload Config 1-1,text,true,,1186,122,2,2,https://reqres.in/api/users/2,81,0,42
1708697357573,373,POST User,201,Created,Workload Config 1-2,text,true,,897,232,2,2,https://reqres.in/api/users,373,0,0
1708697357945,71,GET User,200,OK,Workload Config 1-2,text,true,,1178,122,2,2,https://reqres.in/api/users/2,71,0,44
1708697357887,406,POST User,201,Created,Workload Config 1-1,text,true,,901,232,2,2,https://reqres.in/api/users,406,0,0
1708697358294,85,GET User,200,OK,Workload Config 1-1,text,true,,1186,122,2,2,https://reqres.in/api/users/2,84,0,46
1708697358016,367,POST User,201,Created,Workload Config 1-2,text,true,,901,232,2,2,https://reqres.in/api/users,367,0,0
1708697358383,79,GET User,200,OK,Workload Config 1-2,text,true,,1186,122,2,2,https://reqres.in/api/users/2,79,0,47
1708697358379,384,POST User,201,Created,Workload Config 1-1,text,true,,901,232,2,2,https://reqres.in/api/users,384,0,0
1708697358764,70,GET User,200,OK,Workload Config 1-1,text,true,,1182,122,2,2,https://reqres.in/api/users/2,70,0,42
1708697358462,391,POST User,201,Created,Workload Config 1-2,text,true,,901,232,2,2,https://reqres.in/api/users,391,0,0
1708697358854,75,GET User,200,OK,Workload Config 1-2,text,true,,1178,122,2,2,https://reqres.in/api/users/2,75,0,41
1708697358929,381,POST User,201,Created,Workload Config 1-2,text,true,,897,232,2,2,https://reqres.in/api/users,381,0,0
1708697358834,484,POST User,201,Created,Workload Config 1-1,text,true,,897,232,2,2,https://reqres.in/api/users,484,0,0
1708697359311,82,GET User,200,OK,Workload Config 1-2,text,true,,1186,122,2,2,https://reqres.in/api/users/2,82,0,43
1708697359318,78,GET User,200,OK,Workload Config 1-1,text,true,,1182,122,2,2,https://reqres.in/api/users/2,78,0,41
1708697359396,384,POST User,201,Created,Workload Config 1-1,text,true,,897,232,2,2,https://reqres.in/api/users,384,0,0
1708697359393,390,POST User,201,Created,Workload Config 1-2,text,true,,896,232,2,2,https://reqres.in/api/users,390,0,0
1708697359783,71,GET User,200,OK,Workload Config 1-2,text,true,,1182,122,2,2,https://reqres.in/api/users/2,71,0,43
1708697359780,76,GET User,200,OK,Workload Config 1-1,text,true,,1178,122,2,2,https://reqres.in/api/users/2,76,0,44
1708697359854,387,POST User,201,Created,Workload Config 1-2,text,true,,909,232,2,2,https://reqres.in/api/users,387,0,0
1708697359856,387,POST User,201,Created,Workload Config 1-1,text,true,,909,232,2,2,https://reqres.in/api/users,387,0,0
1708697360244,70,GET User,200,OK,Workload Config 1-1,text,true,,1182,122,2,2,https://reqres.in/api/users/2,70,0,43
1708697360241,74,GET User,200,OK,Workload Config 1-2,text,true,,1182,122,2,2,https://reqres.in/api/users/2,74,0,45
1708697360314,379,POST User,201,Created,Workload Config 1-1,text,true,,909,232,2,2,https://reqres.in/api/users,379,0,0
1708697360315,386,POST User,201,Created,Workload Config 1-2,text,true,,909,232,2,2,https://reqres.in/api/users,386,0,0
1708697360693,70,GET User,200,OK,Workload Config 1-1,text,true,,1186,122,2,2,https://reqres.in/api/users/2,70,0,42
1708697360701,80,GET User,200,OK,Workload Config 1-2,text,true,,1178,122,2,2,https://reqres.in/api/users/2,80,0,42
1708697360781,367,POST User,201,Created,Workload Config 1-2,text,true,,897,232,2,2,https://reqres.in/api/users,367,0,0
1708697360763,402,POST User,201,Created,Workload Config 1-1,text,true,,897,232,2,2,https://reqres.in/api/users,402,0,0
1708697361149,74,GET User,200,OK,Workload Config 1-2,text,true,,1186,122,2,2,https://reqres.in/api/users/2,74,0,42
1708697361165,69,GET User,200,OK,Workload Config 1-1,text,true,,1178,122,2,2,https://reqres.in/api/users/2,69,0,42
1708697361223,386,POST User,201,Created,Workload Config 1-2,text,true,,897,232,2,2,https://reqres.in/api/users,386,0,0
1708697361234,410,POST User,201,Created,Workload Config 1-1,text,true,,896,232,2,2,https://reqres.in/api/users,410,0,0
1708697361609,77,GET User,200,OK,Workload Config 1-2,text,true,,1182,122,2,2,https://reqres.in/api/users/2,77,0,41
1708697361645,72,GET User,200,OK,Workload Config 1-1,text,true,,1182,122,2,2,https://reqres.in/api/users/2,72,0,42
1708697361686,356,POST User,201,Created,Workload Config 1-2,text,true,,897,232,2,2,https://reqres.in/api/users,356,0,0
1708697361717,376,POST User,201,Created,Workload Config 1-1,text,true,,897,232,2,2,https://reqres.in/api/users,376,0,0
1708697362043,71,GET User,200,OK,Workload Config 1-2,text,true,,1182,122,2,2,https://reqres.in/api/users/2,71,0,43
1708697362094,80,GET User,200,OK,Workload Config 1-1,text,true,,1186,122,2,2,https://reqres.in/api/users/2,80,0,48
1708697362114,386,POST User,201,Created,Workload Config 1-2,text,true,,897,232,2,2,https://reqres.in/api/users,386,0,0
1708697362174,390,POST User,201,Created,Workload Config 1-1,text,true,,895,232,2,2,https://reqres.in/api/users,390,0,0
1708697362500,71,GET User,200,OK,Workload Config 1-2,text,true,,1177,122,2,2,https://reqres.in/api/users/2,71,0,45
1708697362565,66,GET User,200,OK,Workload Config 1-1,text,true,,1178,122,2,2,https://reqres.in/api/users/2,66,0,40
1708697362571,372,POST User,201,Created,Workload Config 1-2,text,true,,897,232,2,2,https://reqres.in/api/users,372,0,0
1708697362631,378,POST User,201,Created,Workload Config 1-1,text,true,,897,232,2,2,https://reqres.in/api/users,377,0,0
1708697362944,70,GET User,200,OK,Workload Config 1-2,text,true,,1178,122,2,2,https://reqres.in/api/users/2,70,0,43
1708697363009,79,GET User,200,OK,Workload Config 1-1,text,true,,1177,122,2,2,https://reqres.in/api/users/2,79,0,43
1708697363014,384,POST User,201,Created,Workload Config 1-2,text,true,,893,232,2,2,https://reqres.in/api/users,384,0,0
1708697363088,372,POST User,201,Created,Workload Config 1-1,text,true,,893,232,2,2,https://reqres.in/api/users,372,0,0
1708697363399,88,GET User,200,OK,Workload Config 1-2,text,true,,1186,122,2,2,https://reqres.in/api/users/2,88,0,50
1708697363461,68,GET User,200,OK,Workload Config 1-1,text,true,,1186,122,2,2,https://reqres.in/api/users/2,68,0,41
1708697363487,381,POST User,201,Created,Workload Config 1-2,text,true,,893,232,2,2,https://reqres.in/api/users,381,0,0
1708697363869,77,GET User,200,OK,Workload Config 1-2,text,true,,1184,122,2,2,https://reqres.in/api/users/2,77,0,46
1708697363530,417,POST User,201,Created,Workload Config 1-1,text,true,,893,232,2,2,https://reqres.in/api/users,417,0,0
1708697363947,72,GET User,200,OK,Workload Config 1-1,text,true,,1177,122,2,2,https://reqres.in/api/users/2,72,0,44
1708697363946,379,POST User,201,Created,Workload Config 1-2,text,true,,897,232,2,2,https://reqres.in/api/users,379,0,0
1708697364326,85,GET User,200,OK,Workload Config 1-2,text,true,,1186,122,2,2,https://reqres.in/api/users/2,85,0,50
1708697364019,393,POST User,201,Created,Workload Config 1-1,text,true,,897,232,2,2,https://reqres.in/api/users,393,0,0
1708697364412,74,GET User,200,OK,Workload Config 1-1,text,true,,1182,122,2,2,https://reqres.in/api/users/2,74,0,48
1708697364411,385,POST User,201,Created,Workload Config 1-2,text,true,,897,232,2,2,https://reqres.in/api/users,385,0,0
1708697364486,360,POST User,201,Created,Workload Config 1-1,text,true,,896,232,2,2,https://reqres.in/api/users,360,0,0
1708697364797,72,GET User,200,OK,Workload Config 1-2,text,true,,1182,122,2,2,https://reqres.in/api/users/2,72,0,42
1708697364846,73,GET User,200,OK,Workload Config 1-1,text,true,,1186,122,2,2,https://reqres.in/api/users/2,73,0,41
1708697364869,403,POST User,201,Created,Workload Config 1-2,text,true,,897,232,2,2,https://reqres.in/api/users,403,0,0
1708697364919,380,POST User,201,Created,Workload Config 1-1,text,true,,897,232,2,2,https://reqres.in/api/users,380,0,0
1708697365272,76,GET User,200,OK,Workload Config 1-2,text,true,,1186,122,2,2,https://reqres.in/api/users/2,76,0,44
1708697365300,70,GET User,200,OK,Workload Config 1-1,text,true,,1182,122,2,2,https://reqres.in/api/users/2,70,0,42
1708697365348,379,POST User,201,Created,Workload Config 1-2,text,true,,897,232,2,2,https://reqres.in/api/users,379,0,0
1708697365370,391,POST User,201,Created,Workload Config 1-1,text,true,,897,232,2,2,https://reqres.in/api/users,391,0,0
1708697365727,71,GET User,200,OK,Workload Config 1-2,text,true,,1182,122,2,2,https://reqres.in/api/users/2,70,0,43
1708697365762,93,GET User,200,OK,Workload Config 1-1,text,true,,1178,122,2,2,https://reqres.in/api/users/2,93,0,42
1708697365798,388,POST User,201,Created,Workload Config 1-2,text,true,,896,232,2,2,https://reqres.in/api/users,388,0,0
1708697365855,381,POST User,201,Created,Workload Config 1-1,text,true,,897,232,2,2,https://reqres.in/api/users,381,0,0
1708697366186,70,GET User,200,OK,Workload Config 1-2,text,true,,1186,122,2,2,https://reqres.in/api/users/2,70,0,41
1708697366237,75,GET User,200,OK,Workload Config 1-1,text,true,,1184,122,2,2,https://reqres.in/api/users/2,75,0,43
1708697366256,385,POST User,201,Created,Workload Config 1-2,text,true,,897,232,2,2,https://reqres.in/api/users,385,0,0
1708697366312,385,POST User,201,Created,Workload Config 1-1,text,true,,897,232,2,2,https://reqres.in/api/users,385,0,0
1708697366641,75,GET User,200,OK,Workload Config 1-2,text,true,,1186,122,2,2,https://reqres.in/api/users/2,75,0,44
1708697366697,72,GET User,200,OK,Workload Config 1-1,text,true,,1182,122,2,2,https://reqres.in/api/users/2,72,0,43
1708697366716,391,POST User,201,Created,Workload Config 1-2,text,true,,901,232,2,2,https://reqres.in/api/users,391,0,0
1708697366769,384,POST User,201,Created,Workload Config 1-1,text,true,,901,232,2,2,https://reqres.in/api/users,384,0,0
1708697367107,74,GET User,200,OK,Workload Config 1-2,text,true,,1178,122,2,2,https://reqres.in/api/users/2,74,0,42
1708697367154,82,GET User,200,OK,Workload Config 1-1,text,true,,1178,122,2,2,https://reqres.in/api/users/2,82,0,44
1708697367181,375,POST User,201,Created,Workload Config 1-2,text,true,,901,232,2,2,https://reqres.in/api/users,375,0,0
1708697367236,380,POST User,201,Created,Workload Config 1-1,text,true,,901,232,2,2,https://reqres.in/api/users,380,0,0
1708697367556,97,GET User,200,OK,Workload Config 1-2,text,true,,1184,122,2,2,https://reqres.in/api/users/2,97,0,42
1708697367617,70,GET User,200,OK,Workload Config 1-1,text,true,,1177,122,2,2,https://reqres.in/api/users/2,70,0,42
1708697367654,380,POST User,201,Created,Workload Config 1-2,text,true,,901,232,2,2,https://reqres.in/api/users,380,0,0
1708697367687,373,POST User,201,Created,Workload Config 1-1,text,true,,897,232,2,2,https://reqres.in/api/users,373,0,0
1708697368034,71,GET User,200,OK,Workload Config 1-2,text,true,,1190,122,2,2,https://reqres.in/api/users/2,71,0,45
1708697368061,89,GET User,200,OK,Workload Config 1-1,text,true,,1178,122,2,2,https://reqres.in/api/users/2,89,0,41
1708697368105,380,POST User,201,Created,Workload Config 1-2,text,true,,897,232,2,2,https://reqres.in/api/users,380,0,0
1708697368150,376,POST User,201,Created,Workload Config 1-1,text,true,,897,232,2,2,https://reqres.in/api/users,376,0,0
1708697368485,87,GET User,200,OK,Workload Config 1-2,text,true,,1184,122,2,2,https://reqres.in/api/users/2,87,0,56
1708697368526,69,GET User,200,OK,Workload Config 1-1,text,true,,1186,122,2,2,https://reqres.in/api/users/2,69,0,42
1708697368573,377,POST User,201,Created,Workload Config 1-2,text,true,,897,232,2,2,https://reqres.in/api/users,377,0,0
1708697368595,359,POST User,201,Created,Workload Config 1-1,text,true,,897,232,2,2,https://reqres.in/api/users,359,0,0
1708697368954,74,GET User,200,OK,Workload Config 1-1,text,true,,1184,122,2,2,https://reqres.in/api/users/2,74,0,46
1708697368951,88,GET User,200,OK,Workload Config 1-2,text,true,,1184,122,2,2,https://reqres.in/api/users/2,88,0,47
1708697369028,376,POST User,201,Created,Workload Config 1-1,text,true,,897,232,2,2,https://reqres.in/api/users,376,0,0
1708697369039,379,POST User,201,Created,Workload Config 1-2,text,true,,897,232,2,2,https://reqres.in/api/users,379,0,0
1708697369404,68,GET User,200,OK,Workload Config 1-1,text,true,,1190,122,2,2,https://reqres.in/api/users/2,68,0,42
1708697369419,77,GET User,200,OK,Workload Config 1-2,text,true,,1186,122,2,2,https://reqres.in/api/users/2,77,0,40
1708697369472,389,POST User,201,Created,Workload Config 1-1,text,true,,897,232,2,2,https://reqres.in/api/users,389,0,0
1708697369496,383,POST User,201,Created,Workload Config 1-2,text,true,,897,232,2,2,https://reqres.in/api/users,383,0,0
1708697369861,74,GET User,200,OK,Workload Config 1-1,text,true,,1186,122,2,2,https://reqres.in/api/users/2,74,0,43
1708697369879,83,GET User,200,OK,Workload Config 1-2,text,true,,1177,122,2,2,https://reqres.in/api/users/2,83,0,43
1708697369935,378,POST User,201,Created,Workload Config 1-1,text,true,,901,232,2,2,https://reqres.in/api/users,378,0,0
1708697369962,370,POST User,201,Created,Workload Config 1-2,text,true,,901,232,2,2,https://reqres.in/api/users,370,0,0
1708697370314,77,GET User,200,OK,Workload Config 1-1,text,true,,1186,122,2,2,https://reqres.in/api/users/2,77,0,47
1708697370333,73,GET User,200,OK,Workload Config 1-2,text,true,,1182,122,2,2,https://reqres.in/api/users/2,73,0,44
1708697370391,386,POST User,201,Created,Workload Config 1-1,text,true,,901,232,2,2,https://reqres.in/api/users,386,0,0
1708697370406,379,POST User,201,Created,Workload Config 1-2,text,true,,901,232,2,2,https://reqres.in/api/users,379,0,0
1708697370777,73,GET User,200,OK,Workload Config 1-1,text,true,,1182,122,2,2,https://reqres.in/api/users/2,73,0,41
1708697370785,73,GET User,200,OK,Workload Config 1-2,text,true,,1186,122,2,2,https://reqres.in/api/users/2,73,0,43
1708697370850,387,POST User,201,Created,Workload Config 1-1,text,true,,893,232,2,2,https://reqres.in/api/users,387,0,0
1708697370858,393,POST User,201,Created,Workload Config 1-2,text,true,,893,232,2,2,https://reqres.in/api/users,393,0,0
1708697371238,71,GET User,200,OK,Workload Config 1-1,text,true,,1184,122,2,2,https://reqres.in/api/users/2,71,0,43
1708697371251,80,GET User,200,OK,Workload Config 1-2,text,true,,1177,122,2,2,https://reqres.in/api/users/2,80,0,44
1708697371332,369,POST User,201,Created,Workload Config 1-2,text,true,,893,232,2,2,https://reqres.in/api/users,369,0,0
1708697371309,402,POST User,201,Created,Workload Config 1-1,text,true,,893,232,2,2,https://reqres.in/api/users,402,0,0
1708697371702,67,GET User,200,OK,Workload Config 1-2,text,true,,1186,122,2,2,https://reqres.in/api/users/2,67,0,42
1708697371711,74,GET User,200,OK,Workload Config 1-1,text,true,,1184,122,2,2,https://reqres.in/api/users/2,74,0,43
1708697371769,379,POST User,201,Created,Workload Config 1-2,text,true,,893,232,2,2,https://reqres.in/api/users,379,0,0
1708697371785,387,POST User,201,Created,Workload Config 1-1,text,true,,893,232,2,2,https://reqres.in/api/users,387,0,0
1708697372148,69,GET User,200,OK,Workload Config 1-2,text,true,,1186,122,2,2,https://reqres.in/api/users/2,69,0,40
1708697372173,75,GET User,200,OK,Workload Config 1-1,text,true,,1186,122,2,2,https://reqres.in/api/users/2,75,0,44
1708697372218,384,POST User,201,Created,Workload Config 1-2,text,true,,893,232,2,2,https://reqres.in/api/users,384,0,0
1708697372248,392,POST User,201,Created,Workload Config 1-1,text,true,,893,232,2,2,https://reqres.in/api/users,392,0,0
1708697372602,71,GET User,200,OK,Workload Config 1-2,text,true,,1186,122,2,2,https://reqres.in/api/users/2,71,0,43
1708697372639,99,GET User,200,OK,Workload Config 1-1,text,true,,1186,122,2,2,https://reqres.in/api/users/2,99,0,61
1708697372672,383,POST User,201,Created,Workload Config 1-2,text,true,,892,232,2,2,https://reqres.in/api/users,383,0,0
1708697372738,386,POST User,201,Created,Workload Config 1-1,text,true,,901,232,2,2,https://reqres.in/api/users,386,0,0
1708697373056,75,GET User,200,OK,Workload Config 1-2,text,true,,1178,122,2,2,https://reqres.in/api/users/2,75,0,41
1708697373125,73,GET User,200,OK,Workload Config 1-1,text,true,,1190,122,2,2,https://reqres.in/api/users/2,73,0,46
1708697373131,387,POST User,201,Created,Workload Config 1-2,text,true,,901,232,2,2,https://reqres.in/api/users,387,0,0
1708697373198,385,POST User,201,Created,Workload Config 1-1,text,true,,901,232,2,2,https://reqres.in/api/users,385,0,0
1708697373519,71,GET User,200,OK,Workload Config 1-2,text,true,,1184,122,2,2,https://reqres.in/api/users/2,71,0,44
1708697373585,69,GET User,200,OK,Workload Config 1-1,text,true,,1186,122,2,2,https://reqres.in/api/users/2,69,0,42
1708697373590,393,POST User,201,Created,Workload Config 1-2,text,true,,901,232,2,2,https://reqres.in/api/users,393,0,0
1708697373654,392,POST User,201,Created,Workload Config 1-1,text,true,,901,232,2,2,https://reqres.in/api/users,392,0,0
1708697373984,76,GET User,200,OK,Workload Config 1-2,text,true,,1178,122,2,2,https://reqres.in/api/users/2,76,0,45
1708697374047,68,GET User,200,OK,Workload Config 1-1,text,true,,1186,122,2,2,https://reqres.in/api/users/2,68,0,40
1708697374060,387,POST User,201,Created,Workload Config 1-2,text,true,,897,232,2,2,https://reqres.in/api/users,387,0,0
1708697374116,380,POST User,201,Created,Workload Config 1-1,text,true,,897,232,2,2,https://reqres.in/api/users,380,0,0
1708697374447,72,GET User,200,OK,Workload Config 1-2,text,true,,1186,122,2,2,https://reqres.in/api/users/2,72,0,43
1708697374496,74,GET User,200,OK,Workload Config 1-1,text,true,,1186,122,2,2,https://reqres.in/api/users/2,74,0,42
1708697374519,391,POST User,201,Created,Workload Config 1-2,text,true,,897,232,2,2,https://reqres.in/api/users,391,0,0
1708697374570,393,POST User,201,Created,Workload Config 1-1,text,true,,897,232,2,2,https://reqres.in/api/users,393,0,0
1708697374910,89,GET User,200,OK,Workload Config 1-2,text,true,,1186,122,2,2,https://reqres.in/api/users/2,89,0,43
1708697374963,84,GET User,200,OK,Workload Config 1-1,text,true,,1182,122,2,2,https://reqres.in/api/users/2,84,0,50
1708697374999,400,POST User,201,Created,Workload Config 1-2,text,true,,901,232,2,2,https://reqres.in/api/users,400,0,0
1708697375048,383,POST User,201,Created,Workload Config 1-1,text,true,,901,232,2,2,https://reqres.in/api/users,383,0,0
1708697375399,68,GET User,200,OK,Workload Config 1-2,text,true,,1186,122,2,2,https://reqres.in/api/users/2,68,0,43
1708697375432,75,GET User,200,OK,Workload Config 1-1,text,true,,1182,122,2,2,https://reqres.in/api/users/2,75,0,45
1708697375467,375,POST User,201,Created,Workload Config 1-2,text,true,,901,232,2,2,https://reqres.in/api/users,375,0,0
1708697375507,383,POST User,201,Created,Workload Config 1-1,text,true,,901,232,2,2,https://reqres.in/api/users,383,0,0
1708697375842,73,GET User,200,OK,Workload Config 1-2,text,true,,1177,122,2,2,https://reqres.in/api/users/2,73,0,45
1708697375890,69,GET User,200,OK,Workload Config 1-1,text,true,,1178,122,2,2,https://reqres.in/api/users/2,69,0,42
1708697375915,394,POST User,201,Created,Workload Config 1-2,text,true,,905,232,2,2,https://reqres.in/api/users,394,0,0
1708697375959,383,POST User,201,Created,Workload Config 1-1,text,true,,905,232,2,2,https://reqres.in/api/users,383,0,0
1708697376309,71,GET User,200,OK,Workload Config 1-2,text,true,,1177,122,2,2,https://reqres.in/api/users/2,71,0,45
1708697376342,73,GET User,200,OK,Workload Config 1-1,text,true,,1186,122,2,2,https://reqres.in/api/users/2,73,0,46
1708697376381,375,POST User,201,Created,Workload Config 1-2,text,true,,905,232,2,2,https://reqres.in/api/users,375,0,0
1708697376415,387,POST User,201,Created,Workload Config 1-1,text,true,,905,232,2,2,https://reqres.in/api/users,387,0,0
1708697376757,69,GET User,200,OK,Workload Config 1-2,text,true,,1186,122,2,2,https://reqres.in/api/users/2,69,0,42
1708697376803,76,GET User,200,OK,Workload Config 1-1,text,true,,1184,122,2,2,https://reqres.in/api/users/2,76,0,43
1708697376826,384,POST User,201,Created,Workload Config 1-2,text,true,,904,232,2,2,https://reqres.in/api/users,384,0,0
1708697376879,392,POST User,201,Created,Workload Config 1-1,text,true,,905,232,2,2,https://reqres.in/api/users,392,0,0
1708697377211,69,GET User,200,OK,Workload Config 1-2,text,true,,1182,122,2,2,https://reqres.in/api/users/2,69,0,42
1708697377271,74,GET User,200,OK,Workload Config 1-1,text,true,,1186,122,2,2,https://reqres.in/api/users/2,74,0,43
1708697377280,377,POST User,201,Created,Workload Config 1-2,text,true,,905,232,2,2,https://reqres.in/api/users,377,0,0
1708697377345,383,POST User,201,Created,Workload Config 1-1,text,true,,905,232,2,2,https://reqres.in/api/users,383,0,0
1708697377661,71,GET User,200,OK,Workload Config 1-2,text,true,,1184,122,2,2,https://reqres.in/api/users/2,71,0,44
1708697377729,74,GET User,200,OK,Workload Config 1-1,text,true,,1182,122,2,2,https://reqres.in/api/users/2,74,0,41
1708697377732,379,POST User,201,Created,Workload Config 1-2,text,true,,893,232,2,2,https://reqres.in/api/users,379,0,0
1708697378112,69,GET User,200,OK,Workload Config 1-2,text,true,,1178,122,2,2,https://reqres.in/api/users/2,69,0,44
1708697377803,392,POST User,201,Created,Workload Config 1-1,text,true,,893,232,2,2,https://reqres.in/api/users,392,0,0
1708697378196,65,GET User,200,OK,Workload Config 1-1,text,true,,1182,122,2,2,https://reqres.in/api/users/2,65,0,40
1708697378181,368,POST User,201,Created,Workload Config 1-2,text,true,,893,232,2,2,https://reqres.in/api/users,368,0,0
1708697378549,73,GET User,200,OK,Workload Config 1-2,text,true,,1177,122,2,2,https://reqres.in/api/users/2,73,0,46
1708697378262,378,POST User,201,Created,Workload Config 1-1,text,true,,893,232,2,2,https://reqres.in/api/users,378,0,0
1708697378641,73,GET User,200,OK,Workload Config 1-1,text,true,,1186,122,2,2,https://reqres.in/api/users/2,73,0,46
1708697378622,369,POST User,201,Created,Workload Config 1-2,text,true,,893,232,2,2,https://reqres.in/api/users,369,0,0
1708697378991,71,GET User,200,OK,Workload Config 1-2,text,true,,1184,122,2,2,https://reqres.in/api/users/2,71,0,45
1708697378714,390,POST User,201,Created,Workload Config 1-1,text,true,,893,232,2,2,https://reqres.in/api/users,390,0,0
1708697379062,410,POST User,201,Created,Workload Config 1-2,text,true,,893,232,2,2,https://reqres.in/api/users,410,0,0
1708697379104,373,GET User,200,OK,Workload Config 1-1,text,true,,1177,122,2,2,https://reqres.in/api/users/2,373,0,343
1708697379472,71,GET User,200,OK,Workload Config 1-2,text,true,,1182,122,2,2,https://reqres.in/api/users/2,71,0,45
1708697379477,400,POST User,201,Created,Workload Config 1-1,text,true,,893,232,2,2,https://reqres.in/api/users,400,0,0
1708697379543,382,POST User,201,Created,Workload Config 1-2,text,true,,893,232,2,2,https://reqres.in/api/users,382,0,0
1708697379877,70,GET User,200,OK,Workload Config 1-1,text,true,,1178,122,2,2,https://reqres.in/api/users/2,70,0,44
1708697379926,70,GET User,200,OK,Workload Config 1-2,text,true,,1184,122,2,2,https://reqres.in/api/users/2,70,0,42
1708697379947,387,POST User,201,Created,Workload Config 1-1,text,true,,893,232,2,2,https://reqres.in/api/users,387,0,0
1708697379996,373,POST User,201,Created,Workload Config 1-2,text,true,,893,232,2,2,https://reqres.in/api/users,373,0,0
1708697380335,68,GET User,200,OK,Workload Config 1-1,text,true,,1186,122,2,2,https://reqres.in/api/users/2,68,0,40
1708697380370,75,GET User,200,OK,Workload Config 1-2,text,true,,1184,122,2,2,https://reqres.in/api/users/2,75,0,44
1708697380404,373,POST User,201,Created,Workload Config 1-1,text,true,,893,232,2,2,https://reqres.in/api/users,373,0,0
1708697380445,388,POST User,201,Created,Workload Config 1-2,text,true,,893,232,2,2,https://reqres.in/api/users,388,0,0
1708697380777,80,GET User,200,OK,Workload Config 1-1,text,true,,1182,122,2,2,https://reqres.in/api/users/2,80,0,46
1708697380833,69,GET User,200,OK,Workload Config 1-2,text,true,,1184,122,2,2,https://reqres.in/api/users/2,69,0,41
1708697380857,361,POST User,201,Created,Workload Config 1-1,text,true,,897,232,2,2,https://reqres.in/api/users,361,0,0
1708697380902,396,POST User,201,Created,Workload Config 1-2,text,true,,897,232,2,2,https://reqres.in/api/users,396,0,0
1708697381219,89,GET User,200,OK,Workload Config 1-1,text,true,,1186,122,2,2,https://reqres.in/api/users/2,89,0,44
1708697381299,73,GET User,200,OK,Workload Config 1-2,text,true,,1177,122,2,2,https://reqres.in/api/users/2,73,0,48
1708697381308,367,POST User,201,Created,Workload Config 1-1,text,true,,897,232,2,2,https://reqres.in/api/users,367,0,0
1708697381373,373,POST User,201,Created,Workload Config 1-2,text,true,,897,232,2,2,https://reqres.in/api/users,373,0,0
1708697381676,76,GET User,200,OK,Workload Config 1-1,text,true,,1190,122,2,2,https://reqres.in/api/users/2,76,0,47
1708697381746,76,GET User,200,OK,Workload Config 1-2,text,true,,1184,122,2,2,https://reqres.in/api/users/2,76,0,45
1708697381752,389,POST User,201,Created,Workload Config 1-1,text,true,,896,232,2,2,https://reqres.in/api/users,389,0,0
1708697381822,388,POST User,201,Created,Workload Config 1-2,text,true,,897,232,2,2,https://reqres.in/api/users,388,0,0
1708697382142,75,GET User,200,OK,Workload Config 1-1,text,true,,1178,122,2,2,https://reqres.in/api/users/2,75,0,46
1708697382211,80,GET User,200,OK,Workload Config 1-2,text,true,,1182,122,2,2,https://reqres.in/api/users/2,80,0,43
1708697382217,376,POST User,201,Created,Workload Config 1-1,text,true,,897,232,2,2,https://reqres.in/api/users,375,0,0
1708697382593,73,GET User,200,OK,Workload Config 1-1,text,true,,1186,122,2,2,https://reqres.in/api/users/2,73,0,46
1708697382291,378,POST User,201,Created,Workload Config 1-2,text,true,,897,232,2,2,https://reqres.in/api/users,378,0,0
1708697382670,92,GET User,200,OK,Workload Config 1-2,text,true,,1184,122,2,2,https://reqres.in/api/users/2,92,0,45
1708697382666,380,POST User,201,Created,Workload Config 1-1,text,true,,897,232,2,2,https://reqres.in/api/users,380,0,0
1708697383047,70,GET User,200,OK,Workload Config 1-1,text,true,,1182,122,2,2,https://reqres.in/api/users/2,70,0,42
1708697382762,386,POST User,201,Created,Workload Config 1-2,text,true,,896,232,2,2,https://reqres.in/api/users,386,0,0
1708697383149,76,GET User,200,OK,Workload Config 1-2,text,true,,1178,122,2,2,https://reqres.in/api/users/2,76,0,43
1708697383117,381,POST User,201,Created,Workload Config 1-1,text,true,,897,232,2,2,https://reqres.in/api/users,381,0,0
1708697383498,71,GET User,200,OK,Workload Config 1-1,text,true,,1186,122,2,2,https://reqres.in/api/users/2,71,0,43
1708697383226,369,POST User,201,Created,Workload Config 1-2,text,true,,897,232,2,2,https://reqres.in/api/users,369,0,0
1708697383595,69,GET User,200,OK,Workload Config 1-2,text,true,,1177,122,2,2,https://reqres.in/api/users/2,69,0,42
1708697383569,368,POST User,201,Created,Workload Config 1-1,text,true,,897,232,2,2,https://reqres.in/api/users,368,0,0
1708697383937,74,GET User,200,OK,Workload Config 1-1,text,true,,1182,122,2,2,https://reqres.in/api/users/2,74,0,46
1708697383664,397,POST User,201,Created,Workload Config 1-2,text,true,,901,232,2,2,https://reqres.in/api/users,397,0,0
1708697384062,79,GET User,200,OK,Workload Config 1-2,text,true,,1182,122,2,2,https://reqres.in/api/users/2,79,0,42
1708697384011,374,POST User,201,Created,Workload Config 1-1,text,true,,901,232,2,2,https://reqres.in/api/users,374,0,0
1708697384386,75,GET User,200,OK,Workload Config 1-1,text,true,,1186,122,2,2,https://reqres.in/api/users/2,75,0,47
1708697384141,380,POST User,201,Created,Workload Config 1-2,text,true,,901,232,2,2,https://reqres.in/api/users,380,0,0
1708697384522,73,GET User,200,OK,Workload Config 1-2,text,true,,1177,122,2,2,https://reqres.in/api/users/2,73,0,42
1708697384461,371,POST User,201,Created,Workload Config 1-1,text,true,,900,232,2,2,https://reqres.in/api/users,371,0,0
1708697384832,70,GET User,200,OK,Workload Config 1-1,text,true,,1186,122,2,2,https://reqres.in/api/users/2,70,0,42
1708697384595,371,POST User,201,Created,Workload Config 1-2,text,true,,901,232,2,2,https://reqres.in/api/users,371,0,0
1708697384967,80,GET User,200,OK,Workload Config 1-2,text,true,,1182,122,2,2,https://reqres.in/api/users/2,80,0,44
1708697384902,378,POST User,201,Created,Workload Config 1-1,text,true,,901,232,2,2,https://reqres.in/api/users,378,0,0
1708697385281,70,GET User,200,OK,Workload Config 1-1,text,true,,1186,122,2,2,https://reqres.in/api/users/2,70,0,42
1708697385047,362,POST User,201,Created,Workload Config 1-2,text,true,,901,232,2,2,https://reqres.in/api/users,362,0,0
1708697385409,76,GET User,200,OK,Workload Config 1-2,text,true,,1186,122,2,2,https://reqres.in/api/users/2,76,0,45
1708697385351,392,POST User,201,Created,Workload Config 1-1,text,true,,901,232,2,2,https://reqres.in/api/users,392,0,0
1708697385743,74,GET User,200,OK,Workload Config 1-1,text,true,,1186,122,2,2,https://reqres.in/api/users/2,74,0,42
1708697385486,392,POST User,201,Created,Workload Config 1-2,text,true,,901,232,2,2,https://reqres.in/api/users,392,0,0
1708697385878,71,GET User,200,OK,Workload Config 1-2,text,true,,1178,122,2,2,https://reqres.in/api/users/2,71,0,42
1708697385817,370,POST User,201,Created,Workload Config 1-1,text,true,,893,232,2,2,https://reqres.in/api/users,370,0,0
1708697386188,82,GET User,200,OK,Workload Config 1-1,text,true,,1182,122,2,2,https://reqres.in/api/users/2,82,0,48
1708697385949,383,POST User,201,Created,Workload Config 1-2,text,true,,893,232,2,2,https://reqres.in/api/users,383,0,0
1708697386332,76,GET User,200,OK,Workload Config 1-2,text,true,,1186,122,2,2,https://reqres.in/api/users/2,76,0,48
1708697386270,378,POST User,201,Created,Workload Config 1-1,text,true,,892,232,2,2,https://reqres.in/api/users,378,0,0
1708697386648,79,GET User,200,OK,Workload Config 1-1,text,true,,1186,122,2,2,https://reqres.in/api/users/2,79,0,46
1708697386408,379,POST User,201,Created,Workload Config 1-2,text,true,,893,232,2,2,https://reqres.in/api/users,379,0,0
1708697386788,67,GET User,200,OK,Workload Config 1-2,text,true,,1182,122,2,2,https://reqres.in/api/users/2,67,0,42
1708697386727,370,POST User,201,Created,Workload Config 1-1,text,true,,897,232,2,2,https://reqres.in/api/users,370,0,0
1708697387097,81,GET User,200,OK,Workload Config 1-1,text,true,,1186,122,2,2,https://reqres.in/api/users/2,81,0,43
1708697386855,382,POST User,201,Created,Workload Config 1-2,text,true,,897,232,2,2,https://reqres.in/api/users,382,0,0
1708697387237,75,GET User,200,OK,Workload Config 1-2,text,true,,1186,122,2,2,https://reqres.in/api/users/2,75,0,48
1708697387178,395,POST User,201,Created,Workload Config 1-1,text,true,,897,232,2,2,https://reqres.in/api/users,395,0,0
1708697387573,71,GET User,200,OK,Workload Config 1-1,text,true,,1178,122,2,2,https://reqres.in/api/users/2,71,0,43
1708697387312,387,POST User,201,Created,Workload Config 1-2,text,true,,897,232,2,2,https://reqres.in/api/users,387,0,0
1708697387700,77,GET User,200,OK,Workload Config 1-2,text,true,,1186,122,2,2,https://reqres.in/api/users/2,77,0,43
1708697387645,376,POST User,201,Created,Workload Config 1-1,text,true,,897,232,2,2,https://reqres.in/api/users,376,0,0
1708697388022,84,GET User,200,OK,Workload Config 1-1,text,true,,1190,122,2,2,https://reqres.in/api/users/2,84,0,44
1708697387777,378,POST User,201,Created,Workload Config 1-2,text,true,,905,232,2,2,https://reqres.in/api/users,378,0,0
1708697388156,76,GET User,200,OK,Workload Config 1-2,text,true,,1186,122,2,2,https://reqres.in/api/users/2,76,0,47
1708697388106,380,POST User,201,Created,Workload Config 1-1,text,true,,905,232,2,2,https://reqres.in/api/users,380,0,0
1708697388487,74,GET User,200,OK,Workload Config 1-1,text,true,,1184,122,2,2,https://reqres.in/api/users/2,74,0,47
1708697388232,390,POST User,201,Created,Workload Config 1-2,text,true,,905,232,2,2,https://reqres.in/api/users,390,0,0
1708697388622,69,GET User,200,OK,Workload Config 1-2,text,true,,1178,122,2,2,https://reqres.in/api/users/2,69,0,42
1708697388561,400,POST User,201,Created,Workload Config 1-1,text,true,,905,232,2,2,https://reqres.in/api/users,400,0,0
1708697388962,76,GET User,200,OK,Workload Config 1-1,text,true,,1182,122,2,2,https://reqres.in/api/users/2,76,0,42
1708697388691,381,POST User,201,Created,Workload Config 1-2,text,true,,893,232,2,2,https://reqres.in/api/users,381,0,0
1708697389073,67,GET User,200,OK,Workload Config 1-2,text,true,,1177,122,2,2,https://reqres.in/api/users/2,67,0,41
1708697389038,390,POST User,201,Created,Workload Config 1-1,text,true,,893,232,2,2,https://reqres.in/api/users,390,0,0
1708697389140,363,POST User,201,Created,Workload Config 1-2,text,true,,893,232,2,2,https://reqres.in/api/users,363,0,0
1708697389429,87,GET User,200,OK,Workload Config 1-1,text,true,,1177,122,2,2,https://reqres.in/api/users/2,87,0,51
1708697389504,82,GET User,200,OK,Workload Config 1-2,text,true,,1182,122,2,2,https://reqres.in/api/users/2,82,0,47
1708697389516,378,POST User,201,Created,Workload Config 1-1,text,true,,893,232,2,2,https://reqres.in/api/users,378,0,0
1708697389895,74,GET User,200,OK,Workload Config 1-1,text,true,,1186,122,2,2,https://reqres.in/api/users/2,74,0,41
1708697389586,393,POST User,201,Created,Workload Config 1-2,text,true,,893,232,2,2,https://reqres.in/api/users,393,0,0
1708697389980,72,GET User,200,OK,Workload Config 1-2,text,true,,1186,122,2,2,https://reqres.in/api/users/2,72,0,45
1708697389969,388,POST User,201,Created,Workload Config 1-1,text,true,,901,232,2,2,https://reqres.in/api/users,388,0,0
1708697390357,69,GET User,200,OK,Workload Config 1-1,text,true,,1186,122,2,2,https://reqres.in/api/users/2,69,0,43
1708697390052,388,POST User,201,Created,Workload Config 1-2,text,true,,901,232,2,2,https://reqres.in/api/users,388,0,0
1708697390441,79,GET User,200,OK,Workload Config 1-2,text,true,,1182,122,2,2,https://reqres.in/api/users/2,79,0,48
1708697390426,380,POST User,201,Created,Workload Config 1-1,text,true,,901,232,2,2,https://reqres.in/api/users,380,0,0
1708697390807,74,GET User,200,OK,Workload Config 1-1,text,true,,1182,122,2,2,https://reqres.in/api/users/2,74,0,44
1708697390520,378,POST User,201,Created,Workload Config 1-2,text,true,,901,232,2,2,https://reqres.in/api/users,378,0,0
1708697390906,73,GET User,200,OK,Workload Config 1-2,text,true,,1186,122,2,2,https://reqres.in/api/users/2,73,0,44
1708697390882,362,POST User,201,Created,Workload Config 1-1,text,true,,901,232,2,2,https://reqres.in/api/users,362,0,0
1708697391244,76,GET User,200,OK,Workload Config 1-1,text,true,,1186,122,2,2,https://reqres.in/api/users/2,76,0,43
1708697390979,374,POST User,201,Created,Workload Config 1-2,text,true,,901,232,2,2,https://reqres.in/api/users,374,0,0
1708697391353,77,GET User,200,OK,Workload Config 1-2,text,true,,1182,122,2,2,https://reqres.in/api/users/2,77,0,43
1708697391320,398,POST User,201,Created,Workload Config 1-1,text,true,,901,232,2,2,https://reqres.in/api/users,398,0,0
1708697391430,374,POST User,201,Created,Workload Config 1-2,text,true,,901,232,2,2,https://reqres.in/api/users,374,0,0
1708697391805,75,GET User,200,OK,Workload Config 1-2,text,true,,1186,122,2,2,https://reqres.in/api/users/2,75,0,43
1708697391718,371,GET User,200,OK,Workload Config 1-1,text,true,,1190,122,2,2,https://reqres.in/api/users/2,371,0,343
1708697391880,394,POST User,201,Created,Workload Config 1-2,text,true,,901,232,2,2,https://reqres.in/api/users,394,0,0
1708697392275,90,GET User,200,OK,Workload Config 1-2,text,true,,1178,122,2,2,https://reqres.in/api/users/2,90,0,44
1708697392089,383,POST User,201,Created,Workload Config 1-1,text,true,,901,232,2,2,https://reqres.in/api/users,383,0,0
1708697392472,71,GET User,200,OK,Workload Config 1-1,text,true,,1182,122,2,2,https://reqres.in/api/users/2,71,0,45
1708697392365,392,POST User,201,Created,Workload Config 1-2,text,true,,901,232,2,2,https://reqres.in/api/users,392,0,0
1708697392757,76,GET User,200,OK,Workload Config 1-2,text,true,,1184,122,2,2,https://reqres.in/api/users/2,76,0,44
1708697392543,396,POST User,201,Created,Workload Config 1-1,text,true,,901,232,2,2,https://reqres.in/api/users,396,0,0
1708697392938,72,GET User,200,OK,Workload Config 1-1,text,true,,1186,122,2,2,https://reqres.in/api/users/2,72,0,43
1708697392833,393,POST User,201,Created,Workload Config 1-2,text,true,,897,232,2,2,https://reqres.in/api/users,393,0,0
1708697393226,74,GET User,200,OK,Workload Config 1-2,text,true,,1182,122,2,2,https://reqres.in/api/users/2,74,0,43
1708697393010,373,POST User,201,Created,Workload Config 1-1,text,true,,897,232,2,2,https://reqres.in/api/users,373,0,0
1708697393384,92,GET User,200,OK,Workload Config 1-1,text,true,,1186,122,2,2,https://reqres.in/api/users/2,92,0,48
1708697393300,403,POST User,201,Created,Workload Config 1-2,text,true,,897,232,2,2,https://reqres.in/api/users,403,0,0
1708697393704,71,GET User,200,OK,Workload Config 1-2,text,true,,1182,122,2,2,https://reqres.in/api/users/2,71,0,46
1708697393476,384,POST User,201,Created,Workload Config 1-1,text,true,,897,232,2,2,https://reqres.in/api/users,384,0,0
1708697393861,71,GET User,200,OK,Workload Config 1-1,text,true,,1186,122,2,2,https://reqres.in/api/users/2,71,0,44
1708697393776,403,POST User,201,Created,Workload Config 1-2,text,true,,896,232,2,2,https://reqres.in/api/users,403,0,0
1708697394180,79,GET User,200,OK,Workload Config 1-2,text,true,,1184,122,2,2,https://reqres.in/api/users/2,79,0,46
1708697393932,392,POST User,201,Created,Workload Config 1-1,text,true,,896,232,2,2,https://reqres.in/api/users,392,0,0
1708697394324,86,GET User,200,OK,Workload Config 1-1,text,true,,1178,122,2,2,https://reqres.in/api/users/2,85,0,44
1708697394259,382,POST User,201,Created,Workload Config 1-2,text,true,,896,232,2,2,https://reqres.in/api/users,382,0,0
1708697394641,77,GET User,200,OK,Workload Config 1-2,text,true,,1186,122,2,2,https://reqres.in/api/users/2,77,0,48
1708697394410,377,POST User,201,Created,Workload Config 1-1,text,true,,897,232,2,2,https://reqres.in/api/users,377,0,0
1708697394787,71,GET User,200,OK,Workload Config 1-1,text,true,,1184,122,2,2,https://reqres.in/api/users/2,71,0,44
1708697394719,369,POST User,201,Created,Workload Config 1-2,text,true,,901,232,2,2,https://reqres.in/api/users,369,0,0
1708697395089,69,GET User,200,OK,Workload Config 1-2,text,true,,1182,122,2,2,https://reqres.in/api/users/2,69,0,43
1708697394858,399,POST User,201,Created,Workload Config 1-1,text,true,,900,232,2,2,https://reqres.in/api/users,399,0,0
1708697395258,73,GET User,200,OK,Workload Config 1-1,text,true,,1190,122,2,2,https://reqres.in/api/users/2,73,0,45
1708697395158,390,POST User,201,Created,Workload Config 1-2,text,true,,901,232,2,2,https://reqres.in/api/users,390,0,0
1708697395549,73,GET User,200,OK,Workload Config 1-2,text,true,,1186,122,2,2,https://reqres.in/api/users/2,73,0,46
1708697395331,401,POST User,201,Created,Workload Config 1-1,text,true,,901,232,2,2,https://reqres.in/api/users,401,0,0
1708697395732,75,GET User,200,OK,Workload Config 1-1,text,true,,1184,122,2,2,https://reqres.in/api/users/2,75,0,48
1708697395622,374,POST User,201,Created,Workload Config 1-2,text,true,,901,232,2,2,https://reqres.in/api/users,374,0,0
1708697396001,69,GET User,200,OK,Workload Config 1-2,text,true,,1186,122,2,2,https://reqres.in/api/users/2,69,0,43
1708697395807,391,POST User,201,Created,Workload Config 1-1,text,true,,897,232,2,2,https://reqres.in/api/users,391,0,0
1708697396198,67,GET User,200,OK,Workload Config 1-1,text,true,,1186,122,2,2,https://reqres.in/api/users/2,67,0,42
1708697396070,384,POST User,201,Created,Workload Config 1-2,text,true,,897,232,2,2,https://reqres.in/api/users,384,0,0
1708697396454,83,GET User,200,OK,Workload Config 1-2,text,true,,1177,122,2,2,https://reqres.in/api/users/2,83,0,51
1708697396265,381,POST User,201,Created,Workload Config 1-1,text,true,,897,232,2,2,https://reqres.in/api/users,381,0,0
1708697396646,86,GET User,200,OK,Workload Config 1-1,text,true,,1186,122,2,2,https://reqres.in/api/users/2,86,0,45
1708697396537,369,POST User,201,Created,Workload Config 1-2,text,true,,896,232,2,2,https://reqres.in/api/users,369,0,0
1708697396906,69,GET User,200,OK,Workload Config 1-2,text,true,,1182,122,2,2,https://reqres.in/api/users/2,69,0,44
1708697396733,390,POST User,201,Created,Workload Config 1-1,text,true,,901,232,2,2,https://reqres.in/api/users,390,0,0
1708697397123,73,GET User,200,OK,Workload Config 1-1,text,true,,1178,122,2,2,https://reqres.in/api/users/2,73,0,46
1708697396976,356,POST User,201,Created,Workload Config 1-2,text,true,,901,232,2,2,https://reqres.in/api/users,356,0,0
1708697397333,75,GET User,200,OK,Workload Config 1-2,text,true,,1186,122,2,2,https://reqres.in/api/users/2,75,0,46
1708697397197,377,POST User,201,Created,Workload Config 1-1,text,true,,901,232,2,2,https://reqres.in/api/users,377,0,0
1708697397575,75,GET User,200,OK,Workload Config 1-1,text,true,,1186,122,2,2,https://reqres.in/api/users/2,75,0,43
1708697397408,370,POST User,201,Created,Workload Config 1-2,text,true,,901,232,2,2,https://reqres.in/api/users,370,0,0
1708697397779,74,GET User,200,OK,Workload Config 1-2,text,true,,1177,122,2,2,https://reqres.in/api/users/2,74,0,46
1708697397650,383,POST User,201,Created,Workload Config 1-1,text,true,,901,232,2,2,https://reqres.in/api/users,383,0,0
1708697398036,74,GET User,200,OK,Workload Config 1-1,text,true,,1178,122,2,2,https://reqres.in/api/users/2,74,0,45
1708697397853,372,POST User,201,Created,Workload Config 1-2,text,true,,901,232,2,2,https://reqres.in/api/users,372,0,0
1708697398226,78,GET User,200,OK,Workload Config 1-2,text,true,,1177,122,2,2,https://reqres.in/api/users/2,78,0,42
1708697398110,400,POST User,201,Created,Workload Config 1-1,text,true,,901,232,2,2,https://reqres.in/api/users,400,0,0
1708697398510,83,GET User,200,OK,Workload Config 1-1,text,true,,1178,122,2,2,https://reqres.in/api/users/2,83,0,46
1708697398305,368,POST User,201,Created,Workload Config 1-2,text,true,,901,232,2,2,https://reqres.in/api/users,368,0,0
1708697398673,128,GET User,200,OK,Workload Config 1-2,text,true,,1186,122,2,2,https://reqres.in/api/users/2,128,0,54
1708697398593,385,POST User,201,Created,Workload Config 1-1,text,true,,901,232,2,2,https://reqres.in/api/users,385,0,0
1708697398978,79,GET User,200,OK,Workload Config 1-1,text,true,,1178,122,2,2,https://reqres.in/api/users/2,79,0,45
1708697398801,383,POST User,201,Created,Workload Config 1-2,text,true,,897,232,2,2,https://reqres.in/api/users,383,0,0
1708697399185,76,GET User,200,OK,Workload Config 1-2,text,true,,1184,122,2,2,https://reqres.in/api/users/2,76,0,50
1708697399057,382,POST User,201,Created,Workload Config 1-1,text,true,,897,232,2,2,https://reqres.in/api/users,382,0,0
1708697399439,80,GET User,200,OK,Workload Config 1-1,text,true,,1186,122,2,2,https://reqres.in/api/users/2,80,0,46
1708697399261,375,POST User,201,Created,Workload Config 1-2,text,true,,897,232,2,2,https://reqres.in/api/users,375,0,0
1708697399636,77,GET User,200,OK,Workload Config 1-2,text,true,,1184,122,2,2,https://reqres.in/api/users/2,77,0,45
1708697399519,378,POST User,201,Created,Workload Config 1-1,text,true,,897,232,2,2,https://reqres.in/api/users,378,0,0
1708697399898,69,GET User,200,OK,Workload Config 1-1,text,true,,1178,122,2,2,https://reqres.in/api/users/2,69,0,43
1708697399713,394,POST User,201,Created,Workload Config 1-2,text,true,,901,232,2,2,https://reqres.in/api/users,394,0,0
1708697400107,69,GET User,200,OK,Workload Config 1-2,text,true,,1186,122,2,2,https://reqres.in/api/users/2,69,0,43
1708697399967,375,POST User,201,Created,Workload Config 1-1,text,true,,901,232,2,2,https://reqres.in/api/users,375,0,0
1708697400343,79,GET User,200,OK,Workload Config 1-1,text,true,,1184,122,2,2,https://reqres.in/api/users/2,79,0,47
1708697400176,381,POST User,201,Created,Workload Config 1-2,text,true,,901,232,2,2,https://reqres.in/api/users,381,0,0
1708697400558,68,GET User,200,OK,Workload Config 1-2,text,true,,1186,122,2,2,https://reqres.in/api/users/2,68,0,40
1708697400422,404,POST User,201,Created,Workload Config 1-1,text,true,,901,232,2,2,https://reqres.in/api/users,404,0,0
1708697400826,72,GET User,200,OK,Workload Config 1-1,text,true,,1184,122,2,2,https://reqres.in/api/users/2,72,0,45
1708697400627,390,POST User,201,Created,Workload Config 1-2,text,true,,901,232,2,2,https://reqres.in/api/users,390,0,0
1708697401018,74,GET User,200,OK,Workload Config 1-2,text,true,,1186,122,2,2,https://reqres.in/api/users/2,74,0,43
1708697400898,387,POST User,201,Created,Workload Config 1-1,text,true,,897,232,2,2,https://reqres.in/api/users,387,0,0
1708697401286,70,GET User,200,OK,Workload Config 1-1,text,true,,1177,122,2,2,https://reqres.in/api/users/2,70,0,42
1708697401092,381,POST User,201,Created,Workload Config 1-2,text,true,,897,232,2,2,https://reqres.in/api/users,381,0,0
1708697401356,400,POST User,201,Created,Workload Config 1-1,text,true,,897,232,1,1,https://reqres.in/api/users,399,0,0
